﻿191106_1438,1,globals,Period,NumPeriods,RepeatTreatment,AuctionStop,AuctionNoStop,,,,,,,,,,,,,,,,,,,,,,,,,,,,,,,,,,,,,,,,,,,,,,,,,,,,,,,,,,,,,,,,,,,,,,,,,,,,,,,,,,,,,,,,,,,,,,,,,,,,,,,,,,,,,,,,,,,,,,,,,,,,,,,,,,,,,,,,,,,,,,,,,,,,,,,,,,,,
191106_1438,1,globals,1,1,0,0,0,,,,,,,,,,,,,,,,,,,,,,,,,,,,,,,,,,,,,,,,,,,,,,,,,,,,,,,,,,,,,,,,,,,,,,,,,,,,,,,,,,,,,,,,,,,,,,,,,,,,,,,,,,,,,,,,,,,,,,,,,,,,,,,,,,,,,,,,,,,,,,,,,,,,,,,,,,,,
191106_1438,1,subjects,Period,Subject,Group,Profit,TotalProfit,Participate,TimeTOVBB1DiaUdvozles1OK,IDnumber,TimeTOVBB1diaAzonositoMegadasaOK,kezeles,kor,nem,TimeTOVBB2DiaAdatokOK,TimeTOVBB3DiaKockadobasOK,TimeTOVBB4DiaAJatekMeneteOK,TimeTOVBB41diaTmogathatAlaptvnyokOK,TimeTOVBB5DiaANyeremenyOK,honest,dobas,dobas_proba,tovabb,double,TimeTOVBB6DiaGyakorloDobasok1aOK,win,TimeTOVBB7DiaGyakorloDobasok1bOK,TimeTOVBB8DiaGyakorloDobasok2aOK,TimeTOVBB9DiaGyakorloDobasok2bOK,TimeTOVBB8DiaGyakorloDobasok3aOK,TimeTOVBB9DiaGyakorloDobasok3bOK,TimeTOVBB8DiaGyakorloDobasok4aOK,TimeTOVBB9DiaGyakorloDobasok4bOK,TimeTOVBB8DiaGyakorloDobasok5aOK,TimeTOVBB9DiaGyakorloDobasok5bOK,TimeKEZDS11DiaAJatekKezdeteOK,TimeTOVBB41diaTmogathatAlaptvnyok2OK,alapitvany,TimeTOVBB111AlapitvanyValasztasOK,honest1,dobas1,double1,TimeTOVBB13DiaDobasNyeremenyert1bOK,win1,TimeTOVBB14DiaDobasNyeremenyert1cOK,honest2,dobas2,double2,TimeTOVBB16DiaDobasNyeremenyert2bOK,win2,TimeTOVBB17DiaDobasNyeremenyert2cOK,honest3,dobas3,double3,TimeTOVBB19DiaDobasNyeremenyert3bOK,win3,TimeTOVBB20DiaDobasNyeremenyert3cOK,honest4,dobas4,double4,TimeTOVBB22DiaDobasNyeremenyert4bOK,win4,TimeTOVBB23DiaDobasNyeremenyert4cOK,honest5,dobas5,double5,TimeTOVBB25DiaDobasNyeremenyert5bOK,win5,TimeTOVBB26DiaDobasNyeremenyert5cOK,honest6,dobas6,double6,TimeTOVBB22DiaDobasNyeremenyert6bOK,win6,TimeTOVBB23DiaDobasNyeremenyert6cOK,honest7,dobas7,double7,TimeTOVBB25DiaDobasNyeremenyert7bOK,win7,TimeTOVBB26DiaDobasNyeremenyert7cOK,honest8,dobas8,double8,TimeTOVBB22DiaDobasNyeremenyert8bOK,win8,TimeTOVBB23DiaDobasNyeremenyert8cOK,honest9,dobas9,double9,TimeTOVBB25DiaDobasNyeremenyert9bOK,win9,TimeTOVBB26DiaDobasNyeremenyert9cOK,honest10,dobas10,double10,TimeTOVBB22DiaDobasNyeremenyert10bOK,win10,TimeTOVBB23DiaDobasNyeremenyert10cOK,honest11,dobas11,double11,TimeTOVBB25DiaDobasNyeremenyert11bOK,win11,TimeTOVBB23DiaDobasNyeremenyert11cOK,honest12,dobas12,double12,TimeTOVBB25DiaDobasNyeremenyert12bOK,win12,TimeTOVBB23DiaDobasNyeremenyert12cOK,honest13,dobas13,double13,TimeTOVBB25DiaDobasNyeremenyert13bOK,win13,TimeTOVBB23DiaDobasNyeremenyert13cOK,honest14,dobas14,double14,TimeTOVBB25DiaDobasNyeremenyert14bOK,win14,TimeTOVBB23DiaDobasNyeremenyert14cOK,honest15,dobas15,double15,TimeTOVBB25DiaDobasNyeremenyert15bOK,win15,TimeTOVBB23DiaDobasNyeremenyert15cOK,honest16,dobas16,double16,TimeTOVBB25DiaDobasNyeremenyert16bOK,win16,TimeTOVBB23DiaDobasNyeremenyert16cOK,honest17,dobas17,double17,TimeTOVBB25DiaDobasNyeremenyert17bOK,win17,TimeTOVBB23DiaDobasNyeremenyert17cOK,honest18,dobas18,double18,TimeTOVBB25DiaDobasNyeremenyert18bOK,win18,TimeTOVBB23DiaDobasNyeremenyert18cOK,honest19,dobas19,double19,TimeTOVBB25DiaDobasNyeremenyert19bOK,win19,TimeTOVBB23DiaDobasNyeremenyert19cOK,honest20,dobas20,double20,TimeTOVBB25DiaDobasNyeremenyert20bOK,win20,TimeTOVBB23DiaDobasNyeremenyert20cOK,TimeTOVBB27DiaAGepKisorsoljaANyeremenytOK,nyeremeny_sorszam,nyeremeny,LeaveStage
191106_1438,1,subjects,1,1,1,0,0,1,-1434,6650,20,honest_charity,18,1,80,-7,-27,19,-11,2,4,4,-1,1,7,1200,17,23,27,21,27,15,29,28,25,53,25,1,93,2,3,0,26,0,26,2,4,0,26,0,28,3,2,0,26,0,28,4,4,1,25,1200,26,1,1,1,25,300,28,4,3,0,26,0,28,6,6,1,23,1800,26,3,1,0,27,0,29,5,5,1,26,1500,29,5,1,0,26,0,30,6,3,0,27,0,30,6,3,0,27,0,30,2,3,0,26,0,30,3,3,1,26,900,30,1,3,0,25,0,30,2,2,1,26,600,30,1,5,0,26,0,30,1,2,0,27,0,99999,3,6,0,24,0,99999,4,6,0,24,0,30,13,6,0,0
191106_1438,1,summary,Period,,,,,,,,,,,,,,,,,,,,,,,,,,,,,,,,,,,,,,,,,,,,,,,,,,,,,,,,,,,,,,,,,,,,,,,,,,,,,,,,,,,,,,,,,,,,,,,,,,,,,,,,,,,,,,,,,,,,,,,,,,,,,,,,,,,,,,,,,,,,,,,,,,,,,,,,,,,,,,,,
191106_1438,1,summary,1,,,,,,,,,,,,,,,,,,,,,,,,,,,,,,,,,,,,,,,,,,,,,,,,,,,,,,,,,,,,,,,,,,,,,,,,,,,,,,,,,,,,,,,,,,,,,,,,,,,,,,,,,,,,,,,,,,,,,,,,,,,,,,,,,,,,,,,,,,,,,,,,,,,,,,,,,,,,,,,,
191106_1438,1,contracts,Period,,,,,,,,,,,,,,,,,,,,,,,,,,,,,,,,,,,,,,,,,,,,,,,,,,,,,,,,,,,,,,,,,,,,,,,,,,,,,,,,,,,,,,,,,,,,,,,,,,,,,,,,,,,,,,,,,,,,,,,,,,,,,,,,,,,,,,,,,,,,,,,,,,,,,,,,,,,,,,,,
191106_1438,1,session,Subject,FinalProfit,ShowUpFee,ShowUpFeeInvested,MoneyAdded,MoneyToPay,MoneyEarned,,,,,,,,,,,,,,,,,,,,,,,,,,,,,,,,,,,,,,,,,,,,,,,,,,,,,,,,,,,,,,,,,,,,,,,,,,,,,,,,,,,,,,,,,,,,,,,,,,,,,,,,,,,,,,,,,,,,,,,,,,,,,,,,,,,,,,,,,,,,,,,,,,,,,,,,,,
191106_1438,1,session,1,0,0,0,0,0,0,,,,,,,,,,,,,,,,,,,,,,,,,,,,,,,,,,,,,,,,,,,,,,,,,,,,,,,,,,,,,,,,,,,,,,,,,,,,,,,,,,,,,,,,,,,,,,,,,,,,,,,,,,,,,,,,,,,,,,,,,,,,,,,,,,,,,,,,,,,,,,,,,,,,,,,,,,
191106_1438,1,logfile,Period,,,,,,,,,,,,,,,,,,,,,,,,,,,,,,,,,,,,,,,,,,,,,,,,,,,,,,,,,,,,,,,,,,,,,,,,,,,,,,,,,,,,,,,,,,,,,,,,,,,,,,,,,,,,,,,,,,,,,,,,,,,,,,,,,,,,,,,,,,,,,,,,,,,,,,,,,,,,,,,,